Symbol,Company Name,Industry,Sector
360ONE,360 ONE WAM LIMITED,Stockbroking & Allied,Unknown
3MINDIA,3M India Limited,Diversified,Unknown
AADHARHFC,Aadhar Housing Finance Limited,Housing Finance Company,Unknown
AARTIIND,Aarti Industries Limited,Specialty Chemicals,Unknown
AAVAS,Aavas Financiers Limited,Housing Finance Company,Unknown
ABB,ABB India Limited,Heavy Electrical Equipment,Unknown
ABBOTINDIA,Abbott India Limited,Pharmaceuticals,Unknown
ABCAPITAL,Aditya Birla Capital Limited,Investment Company,Unknown
ABDL,Allied Blenders and Distillers Limited,Breweries & Distilleries,Unknown
ABFRL,Aditya Birla Fashion and Retail Limited,Speciality Retail,Unknown
ABLBL,Aditya Birla Lifestyle Brands Limited,Speciality Retail,Unknown
ABREL,Aditya Birla Real Estate Limited,Residential Commercial Projects,Unknown
ABSLAMC,Aditya Birla Sun Life AMC Limited,Asset Management Company,Unknown
ACC,ACC Limited,Cement & Cement Products,Unknown
ACE,Action Construction Equipment Limited,Construction Vehicles,Unknown
ACMESOLAR,Acme Solar Holdings Limited,Power Generation,Unknown
ACUTAAS,Acutaas Chemicals Limited,Pharmaceuticals,Unknown
ADANIENSOL,Adani Energy Solutions Limited,Power Distribution,Unknown
ADANIENT,Adani Enterprises Limited,Trading - Minerals,Unknown
ADANIGREEN,Adani Green Energy Limited,Power Generation,Unknown
ADANIPORTS,Adani Ports and Special Economic Zone Limited,Port & Port services,Unknown
ADANIPOWER,Adani Power Limited,Integrated Power Utilities,Unknown
AEGISLOG,Aegis Logistics Limited,Trading - Gas,Unknown
AEGISVOPAK,Aegis Vopak Terminals Limited,Oil Storage & Transportation,Unknown
AFCONS,Afcons Infrastructure Limited,Civil Construction,Unknown
AFFLE,Affle 3i Limited,IT Enabled Services,Unknown
AIAENG,AIA Engineering Limited,Castings & Forgings,Unknown
AIIL,Authum Investment & Infrastructure Limited,Non Banking Financial Company (NBFC),Unknown
AJANTPHARM,Ajanta Pharma Limited,Pharmaceuticals,Unknown
ALKEM,Alkem Laboratories Limited,Pharmaceuticals,Unknown
AMBER,Amber Enterprises India Limited,Household Appliances,Unknown
AMBUJACEM,Ambuja Cements Limited,Cement & Cement Products,Unknown
ANANDRATHI,Anand Rathi Wealth Limited,Financial Products Distributor,Unknown
ANANTRAJ,Anant Raj Limited,Residential Commercial Projects,Unknown
ANGELONE,Angel One Limited,Stockbroking & Allied,Unknown
ANTHEM,Anthem Biosciences Limited,Biotechnology,Unknown
ANURAS,Anupam Rasayan India Limited,Specialty Chemicals,Unknown
APARINDS,Apar Industries Limited,Other Electrical Equipment,Unknown
APLAPOLLO,APL Apollo Tubes Limited,Iron & Steel Products,Unknown
APOLLOHOSP,Apollo Hospitals Enterprise Limited,Hospital,Unknown
APOLLOTYRE,Apollo Tyres Limited,Tyres & Rubber Products,Unknown
APTUS,Aptus Value Housing Finance India Limited,Housing Finance Company,Unknown
ARE&M,Amara Raja Energy & Mobility Limited,Auto Components & Equipments,Unknown
ASAHIINDIA,Asahi India Glass Limited,Auto Components & Equipments,Unknown
ASHOKLEY,Ashok Leyland Limited,Commercial Vehicles,Unknown
ASIANPAINT,Asian Paints Limited,Paints,Unknown
ASTERDM,Aster DM Healthcare Limited,Hospital,Unknown
ASTRAL,Astral Limited,Plastic Products - Industrial,Unknown
ATGL,Adani Total Gas Limited,LPG/CNG/PNG/LNG Supplier,Unknown
ATHERENERG,Ather Energy Limited,2/3 Wheelers,Unknown
ATUL,Atul Limited,Specialty Chemicals,Unknown
AUBANK,AU Small Finance Bank Limited,Other Bank,Unknown
AUROPHARMA,Aurobindo Pharma Limited,Pharmaceuticals,Unknown
AWL,AWL Agri Business Limited,Edible Oil,Unknown
AXISBANK,Axis Bank Limited,Private Sector Bank,Unknown
BAJAJ-AUTO,Bajaj Auto Limited,2/3 Wheelers,Unknown
BAJAJFINSV,Bajaj Finserv Limited,Holding Company,Unknown
BAJAJHFL,Bajaj Housing Finance Limited,Housing Finance Company,Unknown
BAJAJHLDNG,Bajaj Holdings & Investment Limited,Holding Company,Unknown
BAJFINANCE,Bajaj Finance Limited,Non Banking Financial Company (NBFC),Unknown
BALKRISIND,Balkrishna Industries Limited,Tyres & Rubber Products,Unknown
BALRAMCHIN,Balrampur Chini Mills Limited,Sugar,Unknown
BANDHANBNK,Bandhan Bank Limited,Private Sector Bank,Unknown
BANKBARODA,Bank of Baroda,Public Sector Bank,Unknown
BANKINDIA,Bank of India,Public Sector Bank,Unknown
BATAINDIA,Bata India Limited,Footwear,Unknown
BAYERCROP,Bayer Cropscience Limited,Pesticides & Agrochemicals,Unknown
BBTC,The Bombay Burmah Trading Corporation Limited,Packaged Foods,Unknown
BDL,Bharat Dynamics Limited,Aerospace & Defense,Unknown
BEL,Bharat Electronics Limited,Aerospace & Defense,Unknown
BELRISE,Belrise Industries Limited,Auto Components & Equipments,Unknown
BEML,BEML Limited,Construction Vehicles,Unknown
BERGEPAINT,Berger Paints (I) Limited,Paints,Unknown
BHARATFORG,Bharat Forge Limited,Auto Components & Equipments,Unknown
BHARTIARTL,Bharti Airtel Limited,Telecom - Cellular & Fixed line services,Unknown
BHARTIHEXA,Bharti Hexacom Limited,Telecom - Cellular & Fixed line services,Unknown
BHEL,Bharat Heavy Electricals Limited,Heavy Electrical Equipment,Unknown
BIKAJI,Bikaji Foods International Limited,Packaged Foods,Unknown
BIOCON,Biocon Limited,Pharmaceuticals,Unknown
BLS,BLS International Services Limited,Tour Travel Related Services,Unknown
BLUEDART,Blue Dart Express Limited,Logistics Solution Provider,Unknown
BLUEJET,Blue Jet Healthcare Limited,Pharmaceuticals,Unknown
BLUESTARCO,Blue Star Limited,Household Appliances,Unknown
BOSCHLTD,Bosch Limited,Auto Components & Equipments,Unknown
BPCL,Bharat Petroleum Corporation Limited,Refineries & Marketing,Unknown
BRIGADE,Brigade Enterprises Limited,Residential Commercial Projects,Unknown
BRITANNIA,Britannia Industries Limited,Packaged Foods,Unknown
BSE,BSE Limited,Exchange and Data Platform,Unknown
BSOFT,BIRLASOFT LIMITED,Computers - Software & Consulting,Unknown
CAMS,Computer Age Management Services Limited,Depositories Clearing Houses and Other Intermediaries,Unknown
CANBK,Canara Bank,Public Sector Bank,Unknown
CANFINHOME,Can Fin Homes Limited,Housing Finance Company,Unknown
CANHLIFE,Canara HSBC Life Insurance Company Limited,Life Insurance,Unknown
CAPLIPOINT,Caplin Point Laboratories Limited,Pharmaceuticals,Unknown
CARBORUNIV,Carborundum Universal Limited,Abrasives & Bearings,Unknown
CARTRADE,Cartrade Tech Limited,E-Retail/ E-Commerce,Unknown
CASTROLIND,Castrol India Limited,Lubricants,Unknown
CCL,CCL Products (India) Limited,Tea & Coffee,Unknown
CDSL,Central Depository Services (India) Limited,Depositories Clearing Houses and Other Intermediaries,Unknown
CEATLTD,CEAT Limited,Tyres & Rubber Products,Unknown
CEMPRO,Cemindia Projects Limited,Civil Construction,Unknown
CENTRALBK,Central Bank of India,Public Sector Bank,Unknown
CESC,CESC Limited,Integrated Power Utilities,Unknown
CGCL,Capri Global Capital Limited,Non Banking Financial Company (NBFC),Unknown
CGPOWER,CG Power and Industrial Solutions Limited,Heavy Electrical Equipment,Unknown
CHALET,Chalet Hotels Limited,Hotels & Resorts,Unknown
CHAMBLFERT,Chambal Fertilizers & Chemicals Limited,Fertilizers,Unknown
CHENNPETRO,Chennai Petroleum Corporation Limited,Refineries & Marketing,Unknown
CHOICEIN,Choice International Limited,Holding Company,Unknown
CHOLAFIN,Cholamandalam Investment and Finance Company Limited,Non Banking Financial Company (NBFC),Unknown
CHOLAHLDNG,Cholamandalam Financial Holdings Limited,Investment Company,Unknown
CIPLA,Cipla Limited,Pharmaceuticals,Unknown
CLEAN,Clean Science and Technology Limited,Specialty Chemicals,Unknown
COALINDIA,Coal India Limited,Coal,Unknown
COCHINSHIP,Cochin Shipyard Limited,Ship Building & Allied Services,Unknown
COFORGE,Coforge Limited,Computers - Software & Consulting,Unknown
COHANCE,Cohance Lifesciences Limited,Pharmaceuticals,Unknown
COLPAL,Colgate Palmolive (India) Limited,Personal Care,Unknown
CONCOR,Container Corporation of India Limited,Logistics Solution Provider,Unknown
CONCORDBIO,Concord Biotech Limited,Pharmaceuticals,Unknown
COROMANDEL,Coromandel International Limited,Fertilizers,Unknown
CPPLUS,Aditya Infotech Limited,Industrial Products,Unknown
CRAFTSMAN,Craftsman Automation Limited,Auto Components & Equipments,Unknown
CREDITACC,CREDITACCESS GRAMEEN LIMITED,Microfinance Institutions,Unknown
CRISIL,CRISIL Limited,Other Financial Services,Unknown
CROMPTON,Crompton Greaves Consumer Electricals Limited,Household Appliances,Unknown
CUB,City Union Bank Limited,Private Sector Bank,Unknown
CUMMINSIND,Cummins India Limited,Compressors Pumps & Diesel Engines,Unknown
CYIENT,Cyient Limited,IT Enabled Services,Unknown
DABUR,Dabur India Limited,Personal Care,Unknown
DALBHARAT,Dalmia Bharat Limited,Cement & Cement Products,Unknown
DATAPATTNS,Data Patterns (India) Limited,Aerospace & Defense,Unknown
DCMSHRIRAM,DCM Shriram Limited,Diversified,Unknown
DEEPAKFERT,Deepak Fertilizers and Petrochemicals Corporation Limited,Commodity Chemicals,Unknown
DEEPAKNTR,Deepak Nitrite Limited,Specialty Chemicals,Unknown
DELHIVERY,Delhivery Limited,Logistics Solution Provider,Unknown
DEVYANI,Devyani International Limited,Restaurants,Unknown
DIVISLAB,Divi's Laboratories Limited,Pharmaceuticals,Unknown
DIXON,Dixon Technologies (India) Limited,Consumer Electronics,Unknown
DLF,DLF Limited,Residential Commercial Projects,Unknown
DMART,Avenue Supermarts Limited,Diversified Retail,Unknown
DOMS,DOMS Industries Limited,Stationary,Unknown
DRREDDY,Dr. Reddy's Laboratories Limited,Pharmaceuticals,Unknown
ECLERX,eClerx Services Limited,Business Process Outsourcing (BPO)/ Knowledge Process Outsourcing (KPO),Unknown
EICHERMOT,Eicher Motors Limited,2/3 Wheelers,Unknown
EIDPARRY,EID Parry India Limited,Other Food Products,Unknown
EIHOTEL,EIH Limited,Hotels & Resorts,Unknown
ELECON,Elecon Engineering Company Limited,Heavy Electrical Equipment,Unknown
ELGIEQUIP,Elgi Equipments Limited,Compressors Pumps & Diesel Engines,Unknown
EMAMILTD,Emami Limited,Personal Care,Unknown
EMCURE,Emcure Pharmaceuticals Limited,Pharmaceuticals,Unknown
EMMVEE,Emmvee Photovoltaic Power Limited,Other Electrical Equipment,Unknown
ENDURANCE,Endurance Technologies Limited,Auto Components & Equipments,Unknown
ENGINERSIN,Engineers India Limited,Civil Construction,Unknown
ENRIN,Siemens Energy India Limited,Heavy Electrical Equipment,Unknown
ERIS,Eris Lifesciences Limited,Pharmaceuticals,Unknown
ESCORTS,Escorts Kubota Limited,Tractors,Unknown
ETERNAL,ETERNAL LIMITED,E-Retail/ E-Commerce,Unknown
EXIDEIND,Exide Industries Limited,Auto Components & Equipments,Unknown
FACT,Fertilizers and Chemicals Travancore Limited,Fertilizers,Unknown
FEDERALBNK,The Federal Bank  Limited,Private Sector Bank,Unknown
FINCABLES,Finolex Cables Limited,Cables - Electricals,Unknown
FIRSTCRY,Brainbees Solutions Limited,E-Retail/ E-Commerce,Unknown
FIVESTAR,Five-Star Business Finance Limited,Non Banking Financial Company (NBFC),Unknown
FLUOROCHEM,Gujarat Fluorochemicals Limited,Specialty Chemicals,Unknown
FORCEMOT,FORCE MOTORS LTD,Passenger Cars & Utility Vehicles,Unknown
FORTIS,Fortis Healthcare Limited,Hospital,Unknown
FSL,Firstsource Solutions Limited,Business Process Outsourcing (BPO)/ Knowledge Process Outsourcing (KPO),Unknown
GABRIEL,Gabriel India Limited,Auto Components & Equipments,Unknown
GAIL,GAIL (India) Limited,Gas Transmission/Marketing,Unknown
GALLANTT,Gallantt Ispat Limited,Iron & Steel Products,Unknown
GESHIP,The Great Eastern Shipping Company Limited,Shipping,Unknown
GICRE,General Insurance Corporation of India,General Insurance,Unknown
GILLETTE,Gillette India Limited,Personal Care,Unknown
GLAND,Gland Pharma Limited,Pharmaceuticals,Unknown
GLAXO,GlaxoSmithKline Pharmaceuticals Limited,Pharmaceuticals,Unknown
GLENMARK,Glenmark Pharmaceuticals Limited,Pharmaceuticals,Unknown
GMDCLTD,Gujarat Mineral Development Corporation Limited,Industrial Minerals,Unknown
GMRAIRPORT,GMR AIRPORTS LIMITED,Airport & Airport services,Unknown
GODFRYPHLP,Godfrey Phillips India Limited,Cigarettes & Tobacco Products,Unknown
GODIGIT,Go Digit General Insurance Limited,General Insurance,Unknown
GODREJCP,Godrej Consumer Products Limited,Personal Care,Unknown
GODREJIND,Godrej Industries Limited,Diversified,Unknown
GODREJPROP,Godrej Properties Limited,Residential Commercial Projects,Unknown
GPIL,Godawari Power And Ispat limited,Iron & Steel Products,Unknown
GRANULES,Granules India Limited,Pharmaceuticals,Unknown
GRAPHITE,Graphite India Limited,Electrodes & Refractories,Unknown
GRASIM,Grasim Industries Limited,Cement & Cement Products,Unknown
GRAVITA,Gravita India Limited,Industrial Minerals,Unknown
GROWW,Billionbrains Garage Ventures Limited,Stockbroking & Allied,Unknown
GRSE,Garden Reach Shipbuilders & Engineers Limited,Aerospace & Defense,Unknown
GSPL,Gujarat State Petronet Limited,Gas Transmission/Marketing,Unknown
GVT&D,GE Vernova T&D India Limited,Heavy Electrical Equipment,Unknown
HAL,Hindustan Aeronautics Limited,Aerospace & Defense,Unknown
HAVELLS,Havells India Limited,Consumer Electronics,Unknown
HBLENGINE,HBL Engineering Limited,Other Industrial Products,Unknown
HCLTECH,HCL Technologies Limited,Computers - Software & Consulting,Unknown
HDBFS,HDB Financial Services Limited,Non Banking Financial Company (NBFC),Unknown
HDFCAMC,HDFC Asset Management Company Limited,Asset Management Company,Unknown
HDFCBANK,HDFC Bank Limited,Private Sector Bank,Unknown
HDFCLIFE,HDFC Life Insurance Company Limited,Life Insurance,Unknown
HEG,HEG Limited,Electrodes & Refractories,Unknown
HEROMOTOCO,Hero MotoCorp Limited,2/3 Wheelers,Unknown
HEXT,Hexaware Technologies Limited,Computers - Software & Consulting,Unknown
HFCL,HFCL Limited,Telecom - Infrastructure,Unknown
HINDALCO,Hindalco Industries Limited,Aluminium,Unknown
HINDCOPPER,Hindustan Copper Limited,Copper,Unknown
HINDPETRO,Hindustan Petroleum Corporation Limited,Refineries & Marketing,Unknown
HINDUNILVR,Hindustan Unilever Limited,Diversified FMCG,Unknown
HINDZINC,Hindustan Zinc Limited,Zinc,Unknown
HOMEFIRST,Home First Finance Company India Limited,Housing Finance Company,Unknown
HONASA,Honasa Consumer Limited,Personal Care,Unknown
HONAUT,Honeywell Automation India Limited,Industrial Products,Unknown
HSCL,Himadri Speciality Chemical Limited,Carbon Black,Unknown
HUDCO,Housing & Urban Development Corporation Limited,Financial Institution,Unknown
HYUNDAI,Hyundai Motor India Limited,Passenger Cars & Utility Vehicles,Unknown
ICICIAMC,ICICI Prudential Asset Management Company Limited,Asset Management Company,Unknown
ICICIBANK,ICICI Bank Limited,Private Sector Bank,Unknown
ICICIGI,ICICI Lombard General Insurance Company Limited,General Insurance,Unknown
ICICIPRULI,ICICI Prudential Life Insurance Company Limited,Life Insurance,Unknown
IDBI,IDBI Bank Limited,Private Sector Bank,Unknown
IDEA,Vodafone Idea Limited,Telecom - Cellular & Fixed line services,Unknown
IDFCFIRSTB,IDFC First Bank Limited,Private Sector Bank,Unknown
IEX,Indian Energy Exchange Limited,Exchange and Data Platform,Unknown
IFCI,IFCI Limited,Financial Institution,Unknown
IGIL,International Gemmological Institute (India) Limited,Diversified Commercial Services,Unknown
IGL,Indraprastha Gas Limited,LPG/CNG/PNG/LNG Supplier,Unknown
IIFL,IIFL Finance Limited,Non Banking Financial Company (NBFC),Unknown
IKS,Inventurus Knowledge Solutions Limited,IT Enabled Services,Unknown
INDGN,Indegene Limited,Healthcare Research Analytics & Technology,Unknown
INDHOTEL,The Indian Hotels Company Limited,Hotels & Resorts,Unknown
INDIACEM,The India Cements Limited,Cement & Cement Products,Unknown
INDIAMART,Indiamart Intermesh Limited,Internet & Catalogue Retail,Unknown
INDIANB,Indian Bank,Public Sector Bank,Unknown
INDIGO,InterGlobe Aviation Limited,Airline,Unknown
INDUSINDBK,IndusInd Bank Limited,Private Sector Bank,Unknown
INDUSTOWER,Indus Towers Limited,Telecom - Infrastructure,Unknown
INFY,Infosys Limited,Computers - Software & Consulting,Unknown
INOXWIND,Inox Wind Limited,Heavy Electrical Equipment,Unknown
INTELLECT,Intellect Design Arena Limited,Computers - Software & Consulting,Unknown
IOB,Indian Overseas Bank,Public Sector Bank,Unknown
IOC,Indian Oil Corporation Limited,Refineries & Marketing,Unknown
IPCALAB,IPCA Laboratories Limited,Pharmaceuticals,Unknown
IRB,IRB Infrastructure Developers Limited,Civil Construction,Unknown
IRCON,Ircon International Limited,Civil Construction,Unknown
IRCTC,Indian Railway Catering And Tourism Corporation Limited,Tour Travel Related Services,Unknown
IREDA,Indian Renewable Energy Development Agency Limited,Financial Institution,Unknown
IRFC,Indian Railway Finance Corporation Limited,Financial Institution,Unknown
ITC,ITC Limited,Diversified FMCG,Unknown
ITCHOTELS,ITC Hotels Limited,Hotels & Resorts,Unknown
ITI,ITI Limited,Telecom - Equipment & Accessories,Unknown
J&KBANK,The Jammu & Kashmir Bank Limited,Private Sector Bank,Unknown
JAINREC,Jain Resource Recycling Limited,Diversified Metals,Unknown
JBCHEPHARM,JB Chemicals & Pharmaceuticals Limited,Pharmaceuticals,Unknown
JBMA,JBM Auto Limited,Auto Components & Equipments,Unknown
JINDALSAW,Jindal Saw Limited,Iron & Steel Products,Unknown
JINDALSTEL,JINDAL STEEL LIMITED,Iron & Steel,Unknown
JIOFIN,Jio Financial Services Limited,Investment Company,Unknown
JKCEMENT,JK Cement Limited,Cement & Cement Products,Unknown
JKTYRE,JK Tyre & Industries Limited,Tyres & Rubber Products,Unknown
JMFINANCIL,JM Financial Limited,Holding Company,Unknown
JPPOWER,Jaiprakash Power Ventures Limited,Power Generation,Unknown
JSL,Jindal Stainless Limited,Iron & Steel,Unknown
JSWCEMENT,JSW Cement Limited,Cement & Cement Products,Unknown
JSWDULUX,JSW Dulux Limited,Paints,Unknown
JSWENERGY,JSW Energy Limited,Power Generation,Unknown
JSWINFRA,JSW Infrastructure Limited,Port & Port services,Unknown
JSWSTEEL,JSW Steel Limited,Iron & Steel,Unknown
JUBLFOOD,Jubilant Foodworks Limited,Restaurants,Unknown
JUBLINGREA,Jubilant Ingrevia Limited,Specialty Chemicals,Unknown
JUBLPHARMA,Jubilant Pharmova Limited,Pharmaceuticals,Unknown
JWL,Jupiter Wagons Limited,Railway Wagons,Unknown
JYOTICNC,Jyoti CNC Automation Limited,Industrial Products,Unknown
KAJARIACER,Kajaria Ceramics Limited,Ceramics,Unknown
KALYANKJIL,Kalyan Jewellers India Limited,Gems Jewellery And Watches,Unknown
KARURVYSYA,Karur Vysya Bank Limited,Private Sector Bank,Unknown
KAYNES,Kaynes Technology India Limited,Industrial Products,Unknown
KEC,KEC International Limited,Civil Construction,Unknown
KEI,KEI Industries Limited,Cables - Electricals,Unknown
KFINTECH,Kfin Technologies Limited,Depositories Clearing Houses and Other Intermediaries,Unknown
KIMS,Krishna Institute of Medical Sciences Limited,Hospital,Unknown
KIRLOSENG,Kirloskar Oil Engines Limited,Compressors Pumps & Diesel Engines,Unknown
KOTAKBANK,Kotak Mahindra Bank Limited,Private Sector Bank,Unknown
KPIL,Kalpataru Projects International Limited,Civil Construction,Unknown
KPITTECH,KPIT Technologies Limited,Computers - Software & Consulting,Unknown
KPRMILL,K.P.R. Mill Limited,Other Textile Products,Unknown
LALPATHLAB,Dr. Lal Path Labs Ltd.,Healthcare Service Provider,Unknown
LATENTVIEW,Latent View Analytics Limited,Computers - Software & Consulting,Unknown
LAURUSLABS,Laurus Labs Limited,Pharmaceuticals,Unknown
LEMONTREE,Lemon Tree Hotels Limited,Hotels & Resorts,Unknown
LENSKART,Lenskart Solutions Limited,Speciality Retail,Unknown
LGEINDIA,LG Electronics India Limited,Household Appliances,Unknown
LICHSGFIN,LIC Housing Finance Limited,Housing Finance Company,Unknown
LICI,Life Insurance Corporation Of India,Life Insurance,Unknown
LINDEINDIA,Linde India Limited,Industrial Gases,Unknown
LLOYDSME,Lloyds Metals And Energy Limited,Industrial Minerals,Unknown
LODHA,Lodha Developers Limited,Residential Commercial Projects,Unknown
LT,Larsen & Toubro Limited,Civil Construction,Unknown
LTF,L&T Finance Limited,Investment Company,Unknown
LTFOODS,LT Foods Limited,Other Agricultural Products,Unknown
LTM,LTM Limited,Computers - Software & Consulting,Unknown
LTTS,L&T Technology Services Limited,IT Enabled Services,Unknown
LUPIN,Lupin Limited,Pharmaceuticals,Unknown
M&M,Mahindra & Mahindra Limited,Passenger Cars & Utility Vehicles,Unknown
M&MFIN,Mahindra & Mahindra Financial Services Limited,Non Banking Financial Company (NBFC),Unknown
MAHABANK,Bank of Maharashtra,Public Sector Bank,Unknown
MANAPPURAM,Manappuram Finance Limited,Non Banking Financial Company (NBFC),Unknown
MANKIND,Mankind Pharma Limited,Pharmaceuticals,Unknown
MAPMYINDIA,C.E. Info Systems Limited,Software Products,Unknown
MARICO,Marico Limited,Edible Oil,Unknown
MARUTI,Maruti Suzuki India Limited,Passenger Cars & Utility Vehicles,Unknown
MAXHEALTH,Max Healthcare Institute Limited,Hospital,Unknown
MAZDOCK,Mazagon Dock Shipbuilders Limited,Ship Building & Allied Services,Unknown
MCX,Multi Commodity Exchange of India Limited,Exchange and Data Platform,Unknown
MEDANTA,Global Health Limited,Hospital,Unknown
MEESHO,Meesho Limited,E-Retail/ E-Commerce,Unknown
MFSL,Max Financial Services Limited,Life Insurance,Unknown
MGL,Mahanagar Gas Limited,LPG/CNG/PNG/LNG Supplier,Unknown
MINDACORP,Minda Corporation Limited,Auto Components & Equipments,Unknown
MMTC,MMTC Limited,Trading & Distributors,Unknown
MOTHERSON,Samvardhana Motherson International Limited,Auto Components & Equipments,Unknown
MOTILALOFS,Motilal Oswal Financial Services Limited,Stockbroking & Allied,Unknown
MPHASIS,MphasiS Limited,Computers - Software & Consulting,Unknown
MRF,MRF Limited,Tyres & Rubber Products,Unknown
MRPL,Mangalore Refinery and Petrochemicals Limited,Refineries & Marketing,Unknown
MSUMI,Motherson Sumi Wiring India Limited,Auto Components & Equipments,Unknown
MUTHOOTFIN,Muthoot Finance Limited,Non Banking Financial Company (NBFC),Unknown
NAM-INDIA,Nippon Life India Asset Management Limited,Asset Management Company,Unknown
NATCOPHARM,Natco Pharma Limited,Pharmaceuticals,Unknown
NATIONALUM,National Aluminium Company Limited,Aluminium,Unknown
NAUKRI,Info Edge (India) Limited,Internet & Catalogue Retail,Unknown
NAVA,NAVA LIMITED,Power Generation,Unknown
NAVINFLUOR,Navin Fluorine International Limited,Specialty Chemicals,Unknown
NBCC,NBCC (India) Limited,Civil Construction,Unknown
NCC,NCC Limited,Civil Construction,Unknown
NESTLEIND,Nestle India Limited,Packaged Foods,Unknown
NETWEB,Netweb Technologies India Limited,IT Enabled Services,Unknown
NEULANDLAB,Neuland Laboratories Limited,Pharmaceuticals,Unknown
NEWGEN,Newgen Software Technologies Limited,Computers - Software & Consulting,Unknown
NH,Narayana Hrudayalaya Ltd.,Hospital,Unknown
NHPC,NHPC Limited,Power Generation,Unknown
NIACL,The New India Assurance Company Limited,General Insurance,Unknown
NIVABUPA,Niva Bupa Health Insurance Company Limited,General Insurance,Unknown
NLCINDIA,NLC India Limited,Power Generation,Unknown
NMDC,NMDC Limited,Industrial Minerals,Unknown
NSLNISP,NMDC Steel Limited,Iron & Steel,Unknown
NTPC,NTPC Limited,Power Generation,Unknown
NTPCGREEN,NTPC Green Energy Limited,Power Generation,Unknown
NUVAMA,Nuvama Wealth Management Limited,Stockbroking & Allied,Unknown
NUVOCO,Nuvoco Vistas Corporation Limited,Cement & Cement Products,Unknown
NYKAA,FSN E-Commerce Ventures Limited,E-Retail/ E-Commerce,Unknown
OBEROIRLTY,Oberoi Realty Limited,Residential Commercial Projects,Unknown
OFSS,Oracle Financial Services Software Limited,Software Products,Unknown
OIL,Oil India Limited,Oil Exploration & Production,Unknown
OLAELEC,Ola Electric Mobility Limited,2/3 Wheelers,Unknown
OLECTRA,Olectra Greentech Limited,Passenger Cars & Utility Vehicles,Unknown
ONESOURCE,Onesource Specialty Pharma Limited,Pharmaceuticals,Unknown
ONGC,Oil & Natural Gas Corporation Limited,Oil Exploration & Production,Unknown
PAGEIND,Page Industries Limited,Garments & Apparels,Unknown
PARADEEP,Paradeep Phosphates Limited,Fertilizers,Unknown
PATANJALI,Patanjali Foods Limited,Edible Oil,Unknown
PAYTM,One 97 Communications Limited,Financial Technology (Fintech),Unknown
PCBL,PCBL Chemical Limited,Carbon Black,Unknown
PERSISTENT,Persistent Systems Limited,Computers - Software & Consulting,Unknown
PETRONET,Petronet LNG Limited,LPG/CNG/PNG/LNG Supplier,Unknown
PFC,Power Finance Corporation Limited,Financial Institution,Unknown
PFIZER,Pfizer Limited,Pharmaceuticals,Unknown
PGEL,PG Electroplast Limited,Consumer Electronics,Unknown
PHOENIXLTD,The Phoenix Mills Limited,Residential Commercial Projects,Unknown
PIDILITIND,Pidilite Industries Limited,Specialty Chemicals,Unknown
PIIND,PI Industries Limited,Pesticides & Agrochemicals,Unknown
PINELABS,Pine Labs Limited,Financial Technology (Fintech),Unknown
PIRAMALFIN,Piramal Finance Limited,Non Banking Financial Company (NBFC),Unknown
PNB,Punjab National Bank,Public Sector Bank,Unknown
PNBHOUSING,PNB Housing Finance Limited,Housing Finance Company,Unknown
POLICYBZR,PB Fintech Limited,Financial Technology (Fintech),Unknown
POLYCAB,Polycab India Limited,Cables - Electricals,Unknown
POLYMED,Poly Medicure Limited,Medical Equipment & Supplies,Unknown
POONAWALLA,Poonawalla Fincorp Limited,Non Banking Financial Company (NBFC),Unknown
POWERGRID,Power Grid Corporation of India Limited,Power - Transmission,Unknown
POWERINDIA,Hitachi Energy India Limited,Heavy Electrical Equipment,Unknown
PPLPHARMA,Piramal Pharma Limited,Pharmaceuticals,Unknown
PREMIERENE,Premier Energies Limited,Other Electrical Equipment,Unknown
PRESTIGE,Prestige Estates Projects Limited,Residential Commercial Projects,Unknown
PTCIL,PTC Industries Limited,Other Industrial Products,Unknown
PVRINOX,PVR INOX Limited,Film Production Distribution & Exhibition,Unknown
PWL,Physicswallah Limited,E-Learning,Unknown
RADICO,Radico Khaitan Limited,Breweries & Distilleries,Unknown
RAILTEL,Railtel Corporation Of India Limited,Other Telecom Services,Unknown
RAINBOW,Rainbow Childrens Medicare Limited,Hospital,Unknown
RAMCOCEM,The Ramco Cements Limited,Cement & Cement Products,Unknown
RBLBANK,RBL Bank Limited,Private Sector Bank,Unknown
RECLTD,REC Limited,Financial Institution,Unknown
REDINGTON,Redington Limited,Trading & Distributors,Unknown
RELIANCE,Reliance Industries Limited,Refineries & Marketing,Unknown
RHIM,RHI MAGNESITA INDIA LIMITED,Electrodes & Refractories,Unknown
RITES,RITES Limited,Civil Construction,Unknown
RKFORGE,Ramkrishna Forgings Limited,Auto Components & Equipments,Unknown
RPOWER,Reliance Power Limited,Power Generation,Unknown
RRKABEL,R R Kabel Limited,Cables - Electricals,Unknown
RVNL,Rail Vikas Nigam Limited,Civil Construction,Unknown
SAGILITY,SAGILITY LIMITED,IT Enabled Services,Unknown
SAIL,Steel Authority of India Limited,Iron & Steel,Unknown
SAILIFE,Sai Life Sciences Limited,Pharmaceuticals,Unknown
SAMMAANCAP,Sammaan Capital Limited,Housing Finance Company,Unknown
SAPPHIRE,Sapphire Foods India Limited,Restaurants,Unknown
SARDAEN,Sarda Energy & Minerals Limited,Iron & Steel,Unknown
SAREGAMA,Saregama India Limited,Media & Entertainment,Unknown
SBFC,SBFC Finance Limited,Non Banking Financial Company (NBFC),Unknown
SBICARD,SBI Cards and Payment Services Limited,Non Banking Financial Company (NBFC),Unknown
SBILIFE,SBI Life Insurance Company Limited,Life Insurance,Unknown
SBIN,State Bank of India,Public Sector Bank,Unknown
SCHAEFFLER,Schaeffler India Limited,Auto Components & Equipments,Unknown
SCHNEIDER,Schneider Electric Infrastructure Limited,Heavy Electrical Equipment,Unknown
SCI,Shipping Corporation Of India Limited,Shipping,Unknown
SHREECEM,SHREE CEMENT LIMITED,Cement & Cement Products,Unknown
SHRIRAMFIN,Shriram Finance Limited,Non Banking Financial Company (NBFC),Unknown
SHYAMMETL,Shyam Metalics and Energy Limited,Iron & Steel Products,Unknown
SIEMENS,Siemens Limited,Heavy Electrical Equipment,Unknown
SIGNATURE,Signatureglobal (India) Limited,Residential Commercial Projects,Unknown
SJVN,SJVN Limited,Power Generation,Unknown
SOBHA,Sobha Limited,Residential Commercial Projects,Unknown
SOLARINDS,Solar Industries India Limited,Explosives,Unknown
SONACOMS,Sona BLW Precision Forgings Limited,Auto Components & Equipments,Unknown
SONATSOFTW,Sonata Software Limited,Computers - Software & Consulting,Unknown
SPLPETRO,Supreme Petrochem Limited,Petrochemicals,Unknown
SRF,SRF Limited,Specialty Chemicals,Unknown
STARHEALTH,Star Health and Allied Insurance Company Limited,General Insurance,Unknown
SUMICHEM,Sumitomo Chemical India Limited,Pesticides & Agrochemicals,Unknown
SUNDARMFIN,Sundaram Finance Limited,Non Banking Financial Company (NBFC),Unknown
SUNPHARMA,Sun Pharmaceutical Industries Limited,Pharmaceuticals,Unknown
SUNTV,Sun TV Network Limited,TV Broadcasting & Software Production,Unknown
SUPREMEIND,Supreme Industries Limited,Plastic Products - Industrial,Unknown
SUZLON,Suzlon Energy Limited,Heavy Electrical Equipment,Unknown
SWANCORP,SWAN CORP LIMITED,Petrochemicals,Unknown
SWIGGY,Swiggy Limited,E-Retail/ E-Commerce,Unknown
SYNGENE,Syngene International Limited,Healthcare Research Analytics & Technology,Unknown
SYRMA,Syrma SGS Technology Limited,Industrial Products,Unknown
TARIL,Transformers And Rectifiers (India) Limited,Heavy Electrical Equipment,Unknown
TATACAP,Tata Capital Limited,Non Banking Financial Company (NBFC),Unknown
TATACHEM,Tata Chemicals Limited,Commodity Chemicals,Unknown
TATACOMM,Tata Communications Limited,Telecom - Cellular & Fixed line services,Unknown
TATACONSUM,TATA CONSUMER PRODUCTS LIMITED,Tea & Coffee,Unknown
TATAELXSI,Tata Elxsi Limited,Computers - Software & Consulting,Unknown
TATAINVEST,Tata Investment Corporation Limited,Investment Company,Unknown
TATAPOWER,Tata Power Company Limited,Integrated Power Utilities,Unknown
TATASTEEL,Tata Steel Limited,Iron & Steel,Unknown
TATATECH,Tata Technologies Limited,IT Enabled Services,Unknown
TBOTEK,TBO Tek Limited,Tour Travel Related Services,Unknown
TCS,Tata Consultancy Services Limited,Computers - Software & Consulting,Unknown
TECHM,Tech Mahindra Limited,Computers - Software & Consulting,Unknown
TECHNOE,Techno Electric & Engineering Company Limited,Civil Construction,Unknown
TEGA,Tega Industries Limited,Industrial Products,Unknown
TEJASNET,Tejas Networks Limited,Telecom - Equipment & Accessories,Unknown
TENNIND,Tenneco Clean Air India Limited,Auto Components & Equipments,Unknown
THELEELA,Leela Palaces Hotels & Resorts Limited,Hotels & Resorts,Unknown
THERMAX,Thermax Limited,Heavy Electrical Equipment,Unknown
TIINDIA,Tube Investments of India Limited,Auto Components & Equipments,Unknown
TIMKEN,Timken India Limited,Abrasives & Bearings,Unknown
TITAGARH,TITAGARH RAIL SYSTEMS LIMITED,Railway Wagons,Unknown
TITAN,Titan Company Limited,Gems Jewellery And Watches,Unknown
TMCV,Tata Motors Limited,Commercial Vehicles,Unknown
TMPV,Tata Motors Passenger Vehicles Limited,Passenger Cars & Utility Vehicles,Unknown
TORNTPHARM,Torrent Pharmaceuticals Limited,Pharmaceuticals,Unknown
TORNTPOWER,Torrent Power Limited,Integrated Power Utilities,Unknown
TRAVELFOOD,Travel Food Services Limited,Restaurants,Unknown
TRENT,Trent Limited,Speciality Retail,Unknown
TRIDENT,Trident Limited,Other Textile Products,Unknown
TRITURBINE,Triveni Turbine Limited,Heavy Electrical Equipment,Unknown
TTML,Tata Teleservices (Maharashtra) Limited,Telecom - Cellular & Fixed line services,Unknown
TVSMOTOR,TVS Motor Company Limited,2/3 Wheelers,Unknown
UBL,United Breweries Limited,Breweries & Distilleries,Unknown
UCOBANK,UCO Bank,Public Sector Bank,Unknown
ULTRACEMCO,UltraTech Cement Limited,Cement & Cement Products,Unknown
UNIONBANK,Union Bank of India,Public Sector Bank,Unknown
UNITDSPR,United Spirits Limited,Breweries & Distilleries,Unknown
UNOMINDA,UNO Minda Limited,Auto Components & Equipments,Unknown
UPL,UPL Limited,Pesticides & Agrochemicals,Unknown
URBANCO,Urban Company Limited,E-Retail/ E-Commerce,Unknown
USHAMART,Usha Martin Limited,Iron & Steel Products,Unknown
UTIAMC,UTI Asset Management Company Limited,Asset Management Company,Unknown
VBL,Varun Beverages Limited,Other Beverages,Unknown
VEDL,Vedanta Limited,Diversified Metals,Unknown
VIJAYA,Vijaya Diagnostic Centre Limited,Healthcare Service Provider,Unknown
VMM,Vishal Mega Mart Limited,Diversified Retail,Unknown
VOLTAS,Voltas Limited,Household Appliances,Unknown
VTL,Vardhman Textiles Limited,Other Textile Products,Unknown
WAAREEENER,Waaree Energies Limited,Other Electrical Equipment,Unknown
WELCORP,Welspun Corp Limited,Iron & Steel Products,Unknown
WELSPUNLIV,Welspun Living Limited,Other Textile Products,Unknown
WHIRLPOOL,Whirlpool of India Limited,Household Appliances,Unknown
WIPRO,Wipro Limited,Computers - Software & Consulting,Unknown
WOCKPHARMA,Wockhardt Limited,Pharmaceuticals,Unknown
YESBANK,Yes Bank Limited,Private Sector Bank,Unknown
ZEEL,Zee Entertainment Enterprises Limited,TV Broadcasting & Software Production,Unknown
ZENSARTECH,Zensar Technologies Limited,Computers - Software & Consulting,Unknown
ZENTEC,Zen Technologies Limited,Aerospace & Defense,Unknown
ZFCVINDIA,ZF Commercial Vehicle Control Systems India Limited,Auto Components & Equipments,Unknown
ZYDUSLIFE,Zydus Lifesciences Limited,Pharmaceuticals,Unknown
ZYDUSWELL,Zydus Wellness Limited,Packaged Foods,Unknown
